{"Id":"07cddb3f-5edf-43d3-9bd9-defb67c1f3ac","Status":"Available","SynthPacket":{"Topology":"Walk","License":"CCAttribution","StartingImageIndex":-1,"DominantColor":"#a58e74","OmittedCount":null,"WarningsBaseUrl":null},"Name":"飯塚邸　お雛様","Description":"2014/4/19","CollectionUrl":"https://cdn.photosynth.net/ps2/07cddb3f-5edf-43d3-9bd9-defb67c1f3ac/packet/0.json","ThumbnailUrl":"https://cdn1.ps1.photosynth.net/media/07cddb3f-5edf-43d3-9bd9-defb67c1f3ac/packet/thumbs/default/0.jpg","ViewUrl":"https://photosynth.net/view/07cddb3f-5edf-43d3-9bd9-defb67c1f3ac","EditUrl":"https://photosynth.net/view/07cddb3f-5edf-43d3-9bd9-defb67c1f3ac","PrivacyLevel":"Public","SourceApplication":"SynthPacketWeb","UploadDate":"\/Date(1398176610390+0000)\/","CapturedDate":"\/Date(1398176646413+0000)\/","ModifiedDate":"\/Date(1463039404833+0000)\/","ImageCount":8,"OwnerUsername":"mitoko_e","Viewings":4778,"FavoriteCount":7,"CommentCount":0,"Rank":0.0,"HasPaidTag":false,"Committed":true,"StaffPickedDate":"\/Date(1398183945780+0000)\/"}